Πάνος	 Εδώ θα αφήσετε τα κόκκαλά σας ρεεεε, εδώ ρε ρεμάλια Σιδεράδες γυφτόσκυλα!
Σιδεράδες	Ρε κωλομούρια, ρε καραγκιόζηδες θα σας μαζέψει ο μπόγιας ρεεε
Πάνος	Σουηδέζες από 15 μέχρι 18, απτό βυζί της μάνας τους κατευθείαν στην κατανάλωση
Σιδεράδες	Θα σε πάρει η Μαρίκα ξεκίνα να πλένεις
Πάνος	Ταχύπλοο υπό το σεληνόφως
Άιλαβ γιου μάιντάρλινγκ ,¨Αι λαβ γιου μάιμπέιμπι
Σιδεράδες	Ουου ρε σαβουρογάμη!
Πάνος	Εδώ θα γίνει ο τάφος σας!
Μιχάλης	 Έλα έλα πάμε πάμε ,έλα πάμε
Πάνος	 Σου΄ρχομαι Θάσο σου΄ρχομαι, ψαρούκλες, ρίγανη, λαδολέμονο, αστακό βραστό, δύο μέτρα ΝΑ μια τσιπούρα. Νούμερα!!!
Σιδεράδες	 Ουουουρεεε!
Πάνος	 Όξω ρε κορόιδα, ε κορόιδα!!!
Σιδεράδες	 Άντε γεια ρε , καλό ταξίδι ρε γεια, καλό ταξίδι
Πάνος	 Δε μου λες; Μένουμε απόψε Καβάλα να κινηθούμε προς Καρά Ορμάν;
Πάνος	 Εγώ εκεί κάτι βγάζω και θα φροντίσω και για’σένα
Μιχάλης	 Δε γίνεται Πάνο μου
Πάνος	 Γιατί δε γίνεται;
Μιχάλης	 Διότι ο Αντώνης περιμένει, ξέρεις τι μου είπε στο τηλέφωνο;
Μιχάλης	 Μου φορτώσατε τρεις οικογένειες και ζείτε την ελευθερία σας στη Θεσσαλονίκη
Πάνος	 Και δεν του έλεγες, ρε βλαχαδερό μωρή πελοποννησιακή λέρα
Πάνος	 Όταν εσύ χωρίζεις κάθε τρεις και λίγο με την Ελένη, δε την τρώμε στη μάπα μαζί με τα παιδιά σου και τη μάνα σου;
Μιχάλης	 Δεν του το είπα Πάνο διότι έχει δίκιο.
Μιχάλης	 Ξέρεις τι είναι να πηγαίνεις το πρωί στη θάλασσά 9 παιδιά, να τρέχεις να ψωνίσεις για 16 στόματα, να πηγαίνεις τους γέρους στις κούνιες;
Πάνος	 -Τους γέρους τους πηγαίνει στις κούνιες;
Μιχάλης	 Μαζί με τα παιδιά
Μιχάλης	 Βέβαια οι γέροι δεν κάνουν κούνια αλλά τους αρέσει να παρακολουθούν
Μιχάλης	 Και το βράδυ θέλουν χάμπουγκερ στην πλατεία
Μιχάλης	 Εγώ θα έπνιγα έναν απ’όλους
Πάνος	" Να πνίξει τη μάνα του
Ξέρεις τι μου είπε το Πάσχα όταν της έκοψα λίγο κοκορέτσι;"
Πάνος	 “Ελάτε στην Παπαδίτσα να καταλάβετε τι θα πει κοκορέτσι”
Μιχάλης	 Πράγματι,στην Παπαδίτσα το κοκορέτσι είναι το κάτι άλλο
Πάνος	" Το κάτι άλλο;
Ξέρεις τι μου’πε εμένα άνθρωπος επαγγελματίας από την Καλαμάτα;"
Πάνος	 Τον ρωτάω “γιατί κύριε Μπαρμπατσέα το κοκορέτσι στην Παπαδίτσα είναι τόσο νόστιμο;”
Πάνος	 Και μου απαντάει εμπιστευτικά “Γιατί στην Παπαδίτσα δεν πλένουν τα αντεράκια”
Μιχάλης	 Ιιιιι!!!  Και τρώμε δηλαδή…
Πάνος	 Σκατά ψητά με μουστάρδα και πιπέρι, αυτό τρώμε
Πάνος	 Διότι, κοίτα τι κάνει ο Θεός
Πάνος	 Φτιάχνει τρεις αδερφές, τη μία την παίρνω εγώ εντάξει,την άλλη την παίρνεις εσύ..εντάξει
Πάνος	 Και έρχεται αυτός απ΄το συνέδριο του ΠΑΣΟΚ και παίρνει τη μικρότερη
Μιχάλης	 Έτσι γίναμε μπατζανάκια
Πάνος	 Ναι αλλά τι φταίω εγώ να συγγενέψω με δημοτικό σύμβουλο από την Παπαδίτσα Λακωνίας
Πάνος	 Μη σταματάς
Πάνος	 Σταμάτα, σταμάτα
Λάκης	Κύριε φοβάμαι ότι κάναμε λάθος
Πάνος	Σε τι μπορώ να σας φανώ χρήσιμος;
Λάκης	Κύριε φοβάμαι πως κάναμε λάθος
Πάνος	Τα λάθη για τους ανθρώπους είναι
Λάκης	Μου είπαν ότι για να πάω στην Καβάλα πρέπει να έχω τη Θάλασσα στα δεξιά μου
Πάνος	Και εσείς που την έχετε;
Λάκης	Στα αριστερά μου
Το κορίτσι	 Χιχιχι
Πάνος	 Ο μπαμπάς σας είναι;
Μιχάλης	 Καλά πηγαίνετε στην Ασπροβάλτα θα βρείτε τη Θάλασσα δεξιά σας, αυτή είναι η λίμνη Βόλβη
Πάνος	 -Έχετε κάνει μπάνιο στη λίμνη;
Το κορίτσι	 Όχι
Πάνος	 Με πανσέληνο βγαίνουν οι νύφες
Το κορίτσι	 Θα είναι μαγευτικά
Πάνος	 Μαγεία
Λάκης	 Εδώ βέβαια θα έγινε το ιστορικό συνέδριο της Βόλβης
Μιχάλης	 Θα σας γελάσω
Λάκης	 Λένε ότι το συνέδριο αυτό επηρέασε την πολιτική ζωή και έφερε ραγδαίες εξελίξεις
Μιχάλης	 Ίσως
Λάκης	 Σας ευχαριστώ πάντως
Το κορίτσι	 Να έρθουμε ένα βράδυ, μου είπε ο κύριος
Πάνος	 Παναγιώτης, οι φίλοι μου με φωνάζουν Πάνο
Το κορίτσι	 Μου είπε ο κύριος Πάνος πως όταν έχει πανσέληνο βγαίνουν στη λίμνη οι νύμφες και λούζονται στα νερά
Λάκης	 Σας ευχαριστώ και πάλι
Πάνος	 Κατάλαβες τι κάνει ο Θεός, φτιάχνει τέτοια πλάσματα και μετά τα αφήνει αδέσποτα και δεν τον νοιάζει αν εμένα μου κόβει τα πόδια
Πάνος	 Εγώ τι κάνω τώρα
Μιχάλης	 Μας ήρθε λίγο ξαφνικά Πάνο αλλά ώσπου να φτάσουμε στο καράβι θα την ξεχάσουμε
Πάνος	 Εγώ δεν τη ξεχνάω ρε
Μιχάλης	 Ο χρόνος είναι γιατρός Πάνο έρχεται και τα σκεπάζει όλα
Μιχάλης	 Τώρα πρέπει να ασχοληθείς με άλλα πράγματα, να τη βγάλεις απτή σκέψη σου
Μιχάλης	 Πάνο καλύτερα να πίναμε τον καφέ μας στην Καβάλα
Πάνος	 -Όπου θέλω θα τον πιω και αν πάρει κάποιος τηλέφωνο και πει ότι αργήσατε θα του πω και γω κάτι για τη μανούλα του
Πάνος	 Δεν κατάλαβες τι έγινε;
Πάνος	 Του λέει το κορίτσι να έρθουμε ένα βράδυ με πανσέληνο, μου είπε ο κύριος και δείχνει εμένα
Πάνος	 Και λέω εγώ Παναγιώτης οι φίλοι μου με φωνάζουν Πάνο
Πάνος	 Και λέει το κορίτσι “Μου είπε ο κύριος Πάνος”… Κατάλαβες;
Μιχάλης	 Τι να καταλάβω;
Πάνος	 Τι να καταλάβεις; Δεν είπε ο κύριος Παναγιώτης είπε ο κύριος Πάνος. Ούτε τώρα δεν καταλαβαίνεις;
Μιχάλης	 Δεν καταλαβαίνω
Πάνος	 Δεν πειράζει διότι κατάλαβε αυτός
Πάνος	" Και όταν ακούει “Μου είπε ο κύριος Πάνος”σου λέει τα πράγματα γίνονται σοβαρά
Και πατάει γκάζι και φεύγει"
Μιχάλης	 Πράγματι έφυγε βιαστικά
Πάνος	 Λοιπόν σκέψου πρώτα κατάλαβε και μετά πες ότι δεν καταλαβαίνω
Μιχάλης	 Φραπέ παγωμένο δυο κουταλιές ζάχαρη
Πάνος	 Το ίδιο χωρίς ζάχαρη
Μιχάλης	 Πάνο χωρίς ζάχαρη ο φραπές είναι δηλητήριο
Πάνος	 Δικαίωμα μου
Πάνος	 Ακούμε το ίδιο τραγούδι
Μιχάλης	 Ε βέβαια
Πάνος	 Και ξέρει αυτός ότι ακούμε το ίδιο τραγούδι
Μιχάλης	 Ποιος Πάνο;
Μιχάλης	 Συγνώμη
Κα.Σουλτάνα	Καλημέρα σας
Μιχάλης	  Καλημέρα σας
Μιχάλης	  Ραδιόφωνο έχετε;
Κα.Σουλτάνα	CD
Μιχάλης	  Πάνο;
Μιχάλης	  Πάνο
Πάνος	 Παρουσιάζεται απάνω έτσι και μου λέει πάμε, εμένα η ζωή μου αρχίζει απτήν αρχή
Μιχάλης	" Πάνο; Σκέφτομαι πως έρχεται το κορίτσι και σου λέει πάμε.
Τη βάζεις στο φορτηγό και πάτε; και γίνεται μαύρο από πάνω μέχρι κάτω;"
Μιχάλης	 Γιατί δεν απαντάς;
Πάνος	 Γιατί περιμένω να δω που το πας
Μιχάλης	 Πουθενά δεν το πάω , μιλάω βάση μιας λογικής
Μιχάλης	 Θα αναγκαστείς να αγοράσεις καινούριο αυτοκίνητο, όχι Mercedes αλλά οπωσδήποτε convertible – 10 εκατομμύρια
Μιχάλης	 Που θα την πας; Θα τη νοικιάζεις δωματιάκι στη Θάσο; Όχι Porto Carras σουίτα
Μιχάλης	 Το βράδυ αυτή θέλει καζίνο. Και άμα τη πάει εντάξει, άμα δεν τη πάει;
Μιχάλης	 Είσαι άνθρωπος εσύ που θα την πεις “παίξε οικονομικά” ή θα την πεις “παίξε εγώ είμαι’ δω”;
Πάνος	 Θα την πω “Παίξε, εγώ είμαι’ δω”
Μιχάλης	 Αλλά τελειώνει το καλοκαίρι, το χειμώνα κατεβαίνετε Θεσσαλονίκη .Θα της νοικιάζεις ρετιρέ στο Πανόραμα, θα τρώτε στα καλά μαγαζιά
Μιχάλης	 Πίσω σου έχεις αφήσει γυναίκα, 3 παιδιά, άρρωστη αδερφή και γέρο πατέρα
Μιχάλης	 Πεινάνε και εσείς τρώτε στην Πριγκηπόνησσο και ξαφνικά  βλέπεις τη Φωτούλα και το Διονυσάκη και ζητιανεύουν στα τραπέζια.
Μιχάλης	 Τι κάνεις εκείνη την ώρα;
Πάνος	 Ρίχνω σκοινί και πνίγουμαι
Μιχάλης	 Το κορίτσι αυτό θα είναι από κάπου Φάληρο-Γλυφάδα και την παίρνεις την Κυριακή στο γήπεδο με τον Ολυμπιακό
Μιχάλης	 Και κάνει έτσι ο Ίβιτς και πέφτει δήθεν στη μικρή περιοχή και ζητάνε οι γαύροι πέναλντι και πετάγεται αυτή και φωνάζει πέναλντι
Μιχάλης	 Τι κάνεις εσύ μπρος στους Παοκτσήδες, μια ζωή εξέδρα;
Πάνος	 Την πνίγω!!!
Μιχάλης	 Σε ξέρω γι’αυτό μιλάω
Μιχάλης	 Και επανέρχομαι στο οικονομικό
Μιχάλης	 Τι κάνεις όταν πλακώσουν τα γραμμάτια αυτοκινήτου,οι ακάλυπτες επιταγές από μπουτίκ,κοσμηματοπωλεία,νυχτερινά κέντρα,ανθοπωλεία,εστιατόρια
Μιχάλης	 Το ίδιο το κορίτσι για να σε σώσει θα σου πει “Πάνο τελειώσαμε εδώ”
Μιχάλης	" Και εσύ χτυπημένος, μόνος. Ένα πρωί θα παρουσιαστείς στον εισαγγελέα.
Η ποινή λόγω προτέρου εντίμου βίου θα είναι 15 χρόνια"
Μιχάλης	" Ένα πρωί θα ανοίξει η πόρτα και θα βγεις από τη φυλακή
Θα κοιτάξεις κάτω τη Θεσσαλονίκη"
Μιχάλης	 Τα παιδιά σου θα έχουν αποκατασταθεί ,η Μαρίκα συζεί με άλλον, ο πατέρας σου έχει πεθάνει και η αδερφή σου έγκλειστη σε κάποιο ψυχιατρείο
Μιχάλης	 Και’ συ θα κατέβεις στο Λευκό Πύργο, θα κάνεις μια βόλτα και κανένας δε θα σε καλωσορίσει, δε θα γυρίσει να σου πει καλημέρα
Μιχάλης	 Διότι οι άνθρωποι δε συγχωρούν αυτούς που από έρωτα εκπέσανε
Πάνος	 Ωωωωωωωωωωω!!!!!!!
Κα.Σουλτάνα	Θεέ μου!!
Κα.Αρχοντούλα	 Θεέ μου!!!
Μιχάλης	"   Πάνο!!! Ρε Πάνο!!
Ρε Πάνο τι έκανες;"
Μιχάλης	   Δεσποινίς το ονομά σας;
Κλυταιμνήστρα	   Κλυταιμνήστρα
Μιχάλης	   Δεσποινίς Κλυταιμνήστρα αυτό το πράγμα το έχει πάθει άλλες δυο φορές
Κλυταιμνήστρα	   Πέφτει στη λίμνη;
Μιχάλης	   Όχι στη Θάλασσα, μία στο Μεσσηνιακό και μία στον Παγασητικό
Κλυταιμνήστρα	   Για τον ίδιο λόγο;
Μιχάλης	   Για …παρεμφερή λόγο
Κλυταιμνήστρα	   Λοιπόν θα πιει ένα πικρό καφέ, θα κάνει ένα θερμό μπάνιο και θα’ρθω να του πάρω την πίεση. Εντάξει;
Μιχάλης	   Φχαριστούμε πολύ
Μιχάλης	"   Λέμε καμιά φορά Πάνο τι φταίξαμε και ο Θεός έφτιαξε τις γυναίκες.
Αλλά σκέφτομαι γυναίκα μεν σε κατέστρεψε αλλά γυναίκες σε σώσανε"
Λουόμενοι Βόλβης	"   -Να σας βλέπουμε πάντα καλά
-Σιδεροκέφαλος
-Πάντα με υγεία
-Αμήν"
Πάνος	  Ευχαριστώ
Λουόμενοι Βόλβης	  Στο καλό να πάτε
Πάνος	  Ευχαριστώ πολύ
Κα.Σουλτάνα	 Πως είστε; Είστε καλά;
Πάνος	  Προς το καλύτερο
Μιχάλης	  -‘Οχιιιι!!!!!!!
Πάνος	  Αφού οι γιατρίνες μου είπανε να πιω πικρό καφέ
Μιχάλης	  Έτσι είπανε Πάνο, όταν όμως τους εξήγησα καλύτερα την περίπτωση σου μου είπαν  ρίξτου 4 κουταλιές
Πάνος	  Πια περίπτωση μου τους εξήγησες ρε
Μιχάλης	  Την περίπτωσή σου Πάνο. Για να μην τους πω περί έρωτος και λοιπά τους είπα ότι μερικές φορές παρουσιάζεις ένα φύσημα στην καρδιά
Πάνος	  Και αυτές τι είπανε;
Μιχάλης	  Συγκινήθηκαν.
Μιχάλης	"  Βέβαια  γιατρίνες είναι και καταλάβανε περί τι φύσημα πρόκειται
Διότι λέει η μεγάλη μια στιγμή “Θε’μου δε μπορεί να συμβεί και σε’ μ’ενα”;"
Πάνος	  Τι να της συμβεί;
Μιχάλης	  Ξέρω’ γω κάτι κάτι να της συμβεί
Μιχάλης	  Πιες να ανέβει το ζάχαρο να αναλάβεις λίγο
Πάνος	  Μετανιώνω
Μιχάλης	  Όχι Πάνο δε φταις εσύ
Πάνος	  Πληρώνω τα λάθη μου
Μιχάλης	  Φταίει η ζωή που μας στήνει παγίδες
Πάνος	  Γιατί όταν λέει ο τύπος, μου είπανε για να πάω Καβάλα πρέπει να έχω τη θάλασσα δεξιά, έπρεπε να του πω
Πάνος	  "Καλά σου’πανε γύρνα πίσω να την έχεις δεξιά"
Μιχάλης	  Αντίθετα θα τον έστελνες Παναγιώτη;
Πάνος	  Όχι ρε θα του τη χάριζα, θα ‘φτανε Πλαταμώνα θα του΄ λεγε το κορίτσι “Λάκη πάλι η θάλασσα είναι αριστερά”
Πάνος	  Ας πούμε ότι αυτόν τον λένε Λάκη
Πάνος	  Θα κατέβαινε,  θα ρώταγε, θα του λέγανε γύρνα πίσω χριστιανέ μου για να πας Καβάλα πρέπει να ‘χεις τη θάλασσα δεξιά
Πάνος	  Θα γύρναγε το βόιδι θα πέρναγε Θεσσαλονίκη θα έφτανε στη Βόλβη πάλι η θάλασσα αριστερά
Μιχάλης	  Έπρεπε να του την κάνουμε Παναγιώτη
Πάνος	"  Ναι αλλά πετάγεσαι εσύ και του λες στην Ασπροβάλτα θα βρείτε τη θάλασσα δεξιά.
Γιατί το’ κανες αυτό το πράγμα;"
Μιχάλης	  Διότι εμείς Παναγιώτη δεν επιθυμούμε το κακό ούτε του εχθρού μας
Πάνος	  Εγώ το επιθυμώ ρε
Πάνος	  Να του ρίξω εγώ 5 δρομολόγια Βόλβη-Πλαταμώνα να του στρίψει να φουντάρει στη λίμνη η κοροϊδάρα
Πάνος	  Είμαστε καλοί, δε θέλουμε το κακό κανενός και μας πατάνε όλοι
Πάνος	"  Μετανιώνω

Μετανιώνω"
Πάνος	  Μην το σηκώνεις
Μιχάλης	  Αντώνη, είχε μια ξαφνική αδιαθεσία ο Πάνος.Στεναχωρέθηκε λίγο και παρουσίασε πτώση ζαχάρου
Μιχάλης	  Εμείς σε μια ώρα είμαστε Καβάλα, παίρνουμε το καράβι και 3 με 4 φτάνουμε Θάσο
Πάνος	"  Τι του λες ρε;εδώ εγώ μπορεί να έχω 22 πίεση. 
Άμα δε με δει γιατρός εμένα ξεκινάω εγώ;"
Μιχάλης	  Αντώνη, δεν μπορούμε να ξεκινήσουμε, ναι υπάρχουνε δύο γιατρίνες εδώ
Μιχάλης	  Τι λες Αντώνη!Πως κάνεις τέτοια σκέψη;
Πάνος	  Τι λέει ρε ο Πλαπούτας; Η πελοποννησιακή  λέρα; Στον καθρέφτη κοιτάζεται και τα λέει;
Μιχάλης	  Τι να σου εξηγήσω Αντώνη;
Μιχάλης	  Κάποιος έχασε το δρόμο εμείς του λέγαμε πώς να πάει και λέει αυτός “Εδώ έγινε το ιστορικό συνέδριο της Βόλβης”.
Μιχάλης	"  Του λέω εγώ θα σας γελάσω
Τότε επενέβει ο Πάνος και αρπαχτήκανε

Ναι Αντώνη για το συνέδριο αρπαχτήκανε!!!"
Μιχάλης	  Αυτός και όρκο να του κάνεις στο ευαγγέλιο δεν πιστεύει
Πάνος	  Τι σου είπε;
Μιχάλης	  Μου λέει “Από πότε ο Αντώνης ασχολείται με την πολιτική”;
Μιχάλης	  Του λέω η πολιτική δε μας έδωσε εμάς να φάμε Αντώνη, άμα δε δουλέψουμε δε θα μας ταΐσει το ΠΑΣΟΚ
Πάνος	  Καλά του τα ‘πες και του το έκλεισες και στα μούτρα
Μιχάλης	  Δεν το έκλεισα εγώ αυτός το έκλεισε
Μιχάλης	  Διότι μου λέει “Δεν θα πληρώνω εγώ κινητό να ακούω τις μαλακίες σας”
Πάνος	  Βρομόστομος , λέρα…
Κλυταιμνήστρα	  Καλημέρα σας
Μιχάλης	  Καλημέρα
Κλυταιμνήστρα	  Ελευθερώστε το δεξί χέρι
Πάνος	  Μα εγώ…δεν έχω τίποτα
Κλυταιμνήστρα	  Μμμ πολύ ωραία τη στήσατε, ευχαριστώ
Μιχάλης	  Μα δεν ήταν τίποτα για, μένα.Εγώ δεσποινίς Κλυταιμνήστρα ήμουνα στο Μηχανικό και χτίζαμε σε μια μέρα γέφυρα
Κλυταιμνήστρα	  Σε μια μέρα;
Μιχάλης	  Μάλιστα και όταν πέρναγε ο στρατός την γκρεμίζαμε
Κλυταιμνήστρα	  Γιατί την γκρεμίζατε;
Μιχάλης	  Για να μην περάσει και ο εχθρός
Γιατρίνα	  12-8
Κλυταιμνήστρα	  O μπατζανάκης σας έχει πίεση εφήβου
Γιατρίνα	  Φεύγετε λοιπόν;
Πάνος	  Η οικογένεια βλέπετε
Κλυταιμνήστρα	  Καλημέρα
Μιχάλης	  Καλημέρα σας
Γιατρίνα	  Καλημέρα
Πάνος	  Καλημέρα
Μιχάλης	  Τη γλιτώσαμε Πάνο, αλλά εγώ δεν έπρεπε να σταματήσω. Όταν είδες το κορίτσι και φώναξες σταμάτα έπρεπε να πατήσω γκάζι να φύγουμε
Πάνος	  Το κορίτσι φταίει;
Μιχάλης	  Αυτό σου δημιούργησε κλονισμό
Πάνος	  Για κούνα το κεφάλι σου ρε, κλονισμό μου δημιούργησε αυτός
Πάνος	  Γιατί μας την έχει στημένη. Να πάμε να φεύγει αυτός το πρωί για ψαροντούφεκο και να φροντίζουμε εμείς τους γέρους
Μιχάλης	  Μπορεί να το έχει σκεφτεί Πάνο
Πάνος	  Ναι αλλά δεν υπολόγισε ότι εμένα μπορεί να μου στρίψει και να πνίξω τη μάνα του στην κεντρική πλατεία
Μιχάλης	  Ραδιόφωνο έχετε;
Κα.Σουλτάνα	 CD
Μιχάλης	  Και πάλι καλημέρα σας
Κα.Σουλτάνα	 Καλημέρα σας
Κα.Αρχοντούλα	  Χιχιχι
Μιχάλης	  Πάνο ας τον τον Αντώνη στο Θεό. Εμείς να γυρίσουμε στις οικογένειες μας
Πάνος	"   Θα πηγαίνει στα καράβια και θα ρωτάει τον άγνωστο κόσμο
“Μήπως είδατε τα μπατζανάκια μου”;"
Πάνος	"   Και κανένας δεν θα ξέρει να του πει
Θα γυρνάει μόνος στο σπίτι σαν το σκυλί"
Πάνος	   Θα τον φτάσω εγώ να κλονιστεί η υγεία του
Μιχάλης	   Πάνο αυτός για να εκδικηθεί θα στέλνει στα καράβια τη Μαρίκα και τη Γεωργία
Πάνος	   Τις γυναίκες μας;
Μιχάλης	"   Ναι Πάνο και θα ρωτάνε τον άγνωστο κόσμο και κανένας δεν θα ξέρει να τους πει
Και θα γυρνάνε στο σπίτι τα μεσάνυχτα και τα παιδιά θα κλαίνε"
Μιχάλης	   Και αυτός θα γελάει κρυφά και δεν θα πάθει τίποτα η υγεία του
Πάνος	   Λες να μας τη φέρει έτσι;
Μιχάλης	   Πάνο, ο Αντώνης μεγάλωσε μέσα στο ΠΑΣΟΚ αυτά τους τα μαθαίνουν απ’το πρώτο μάθημα
Πάνος	   Μπα πα πα πα
Μιχάλης	   Όμως σκέφτομαι Παναγιώτη ότι δεν είναι και τόσο κακός
Μιχάλης	   Δουλεύει όλη μέρα στο κόμμα, το βράδυ πουλάει λάδι, τα Σαββατοκύριακα διαβάζει βιβλία
Μιχάλης	   Ποιος δουλεύει έτσι;
Πάνος	   Κονομάει!
Μιχάλης	   Κονομάει αλλά και εμάς μας έχει δανείσει και του λέμε όλο τον άλλο μήνα θα τα πάρει
Πάνος	   Γιατί δεν θα τα πάρει;
Μιχάλης	"   Θα τα πάρει αλλά τον έχουμε καθυστερήσει
Και είδες ότι είπαμε να του ζητήσουμε και τώρα ένα δάνειο και να τα πάρει όλα μαζί"
Πάνος	"   Τον συμφέρει γιατί άμα τα πάρει όλα μαζί, μπαπ θα τα ρίξει κάπου και θα φανούνε
Λίγα-λίγα τα λεφτά δε φαίνονται"
Μιχάλης	   Ένα βράδυ πήγα στο γραφείο του, τον είδα και πρέπει να με πιστέψεις Πάνο τον είδα σε μία καρέκλα μόνο του
Μιχάλης	   Και σκέφτηκα: Αυτός ο άνθρωπος μπορεί να γεννήθηκε και για κάτι ανώτερο
Πάνος	   Έρχεται πάλι
Μιχάλης	   Τι έρχεται Πάνο;
Πάνος	   Η σκέψη της. Προσπαθώ να τη βγάλω απτό μυαλό μου αλλά έρχεται
Μιχάλης	   Πως έρχεται Παναγιώτη;
Πάνος	   Τh βλέπω μπροστά μου , με κοιτάει
Μιχάλης	   -Σε κοιτάει;
Πάνος	   Ναι.
Πάνος	"   Εγώ τώρα γυρίζω το κεφάλι μου έτσι; Κανονικά εδώ πρέπει να ‘ναι η λίμνη
Ε δε βλέπω τη λίμνη"
Μιχάλης	   Δε βλέπεις τη λίμνη; Ολόκληρη λίμνη δεν τη βλέπεις ρε Πάνο;
Πάνος	   Όχι
Μιχάλης	   Τι βλέπεις;
Πάνος	   Βλέπω αυτήν
Μιχάλης	   Ε λοιπόν δεν πάμε πουθενά. Θα κοιμηθείς τουλάχιστον 5 ώρες
Μιχάλης	   Με την κυρία γιατρίνα θα κοιτάξω για ένα καλό ψάρι ένα γουλιανό ή ένα κυπρίνο
Μιχάλης	   Θα τον κάνουμε ψητό με λαδολέμονο, να σηκωθείς να φας ώσπου να αναλάβεις δυνάμεις
Μιχάλης	   Και σούρουπο πλέον να ξεκινήσουμε για τις οικογένειες μας.
Πάνος	   Είμαι ανεβασμένος εγώ;
Κα.Σουλτάνα	  Όχι κύριε Πάνο
Πάνος	   Λοιπόν;
Πάνος	   Μιχάληηηη!!!!!
Μιχάλης	   Ναι Πάνο;
Πάνος	   Να’ρχεσαι κάθε πέντε λεφτά να με βλέπεις
Μιχάλης	   Γιατί να έρχομαι Παναγιώτη;
Πάνος	   Για να βλέπεις άμα ζω
Μιχάλης	   Αντώνη ,ναι Αντώνη. Σε πήρα για να σου πω αυτό το πράγμα, διότι η κατάσταση είναι σοβαρή και δεν μπορώ να τα βγάλω πέρα μόνος μου
Μιχάλης	   Για το συνέδριο μαλώσανε ρε Αντώνη πόσες φορές να το πω
Μιχάλης	   Και όπως μαλώνανε για το συνέδριο αυτός εν τω μεταξύ είχε μαζί του μια μικρή και της πιάνει ο Πάνος μια συζήτηση
Μιχάλης	"   Και τσαντίζεται αυτός και την παίρνει και φεύγουνε.
Και του στοίχισε αυτό το πράγμα του Πάνου."
Μιχάλης	   Τι να σου πω, να σου πω ότι τον χάνουμε;
Λουόμενοι Βόλβης	"  Είναι ανάγκη να σας γνωρίσω έναν μεγάλο επιστήμονα.
Ο Καθηγητής Πετζερόπουλος, διδάκτορ Ψυχολογίας του Πανεπιστημίου της Ουάσινγκτον"
Μιχάλης	  Χαίρω πολύ
Λουόμενοι Βόλβης	  Κύριε Μιχάλη εκ μέρους των ΚΑΠΗ Μακεδονίας-Θράκης σας συγχαίρουμε που ψαρέψατε 100κιλά ψάρι
Μιχάλης	  Πέσαμε σε κοπάδι
Λουόμενοι Βόλβης	  Χαχαχαχαχαχαχα
Λουόμενοι Βόλβης	  Να σας συγχαρούμε επίσης για την ποιότητα του γεύματος
Λουόμενοι Βόλβης	  Πίνουμε για την ταχεία ανάρρωση του εκλεκτού μπατζανάκη σας, πίνουμε για την καλή υγεία των λουομένων
Πάνος	  Ψαριιιι!!!!
Μιχάλης	  Αμέσως Πάνο καθαρίζεται, άνοιξε η όρεξη σου και αυτό είναι δείγμα ότι πας καλύτερα
Δρ.Πετσερόπουλος	  Μην ανησυχείτε για το συγγενή σας, παρουσιάζει μια απλή διαταραχή του ελέγχου των παρορμήσεων
Μιχάλης	  Μάλιστα
Δρ.Πετσερόπουλος	  Παραδείγματος χάριν:
Δρ.Πετσερόπουλος	  Ένας άνθρωπος ερωτεύεται γυναίκα, θα καταστραφεί στη γοητεία της ή θα ελέγξει την παρόρμηση;
Μιχάλης	  Θα ελέγξει την παρόρμηση
Λουόμενοι Βόλβης	  Μπράβο, μπράβο κύριε Μιχάλη
Δρ.Πετσερόπουλος	  Το πρόσωπο αυτό σε πρώτο στάδιο θα παρουσιάσει απώλεια οράσεως
Μιχάλης	  Παρουσιάζει κύριε καθηγητά διότι μου λέει εδώ πρέπει να είναι η λίμνη δεν τη βλέπω και του λέω εγώ, ολόκληρη λίμνη δεν τη βλέπεις ρε Πάνο;
Δρ.Πετσερόπουλος	  Δεν τη βλέπει, βλέπει το πρόσωπο της γυναίκας που τον οδηγεί στην καταστροφή. Για να σωθεί πρέπει να την πνίξει στη λίμνη
Δρ.Πετσερόπουλος	  Αν όχι την ίδια μια οποιαδήποτε γυναίκα
Μιχάλης	  Θεέ μου
Λουόμενοι Βόλβης	  Ε βουζε λε βουζερβιεγ λετα μπιουγ κετα γε σουν;
Λουόμενοι Βόλβης	  Η δόκτωρ Σύλβια ερωτά θα χρησιμοποιήσετε τη μέθοδο της προπαίδειας;
Δρ.Πετσερόπουλος	  Ακριβώς, θα αρχίσω από την ανώτερη κλίμακα 9Χ9 και θα κατέβω.Εάν δεν απαντήσει στο κρίσιμο 3Χ3..
Μιχάλης	  Τότε τι γίνεται κύριε καθηγητά;
Δρ.Πετσερόπουλος	  Δυστυχώς
Μιχάλης	  Έχει οικογένεια
Δρ.Πετσερόπουλος	  Ας αρχίσουμε από τη μέση.Ρωτήστε τον παρακαλώ 5Χ5
Μιχάλης	  Πάνο!!!
Πάνος	  Ψααάριιιι!!
Κα.Σουλτάνα	 Κύριε Πάνο μου;
Μιχάλης	  Καθαρίζεται Πάνο υπομονή, πέντε πέντε;
Πάνος	  Σαράντα
Λουόμενοι Βόλβης	  Ωωωωωω
Μιχάλης	  Αλιμονό μου
Δρ.Πετσερόπουλος	  Μην απελπίζεστε 4Χ4
Μιχάλης	  Πάνο, τέσσερα τέσσερα;
Πάνος	  Δεκαοκτώ
Λουόμενοι Βόλβης	  Αααααααα
Μιχάλης	  Κάπως καλύτερα
Δρ.Πετσερόπουλος	  Και τώρα το κρίσιμο 3Χ3
Μιχάλης	  Πάνο, τρία τρία;
Πάνος	  Ενιά
Λουόμενοι Βόλβης	  Ααααααααααααα Μπράβο μπράβο
Μιχάλης	  Σας ευχαριστούμε πολύ, ευχαριστούμε
Μιχάλης	  Μουσική.
Μιχάλης	  Όταν μπήκες κάτω από το φορτηγό και έβαλές την πλάτη να σηκώσεις την καμπάνα είπα:
Μιχάλης	  Αυτός ο άνθρωπος κρατάει γυναίκα, 3 παιδιά, γέρο πατέρα, άρρωστη αδερφή, εμένα, τους φίλους του, τον ΠΑΟΚ και η ζωή πως τον πληρώνει
Μιχάλης	  Με ψίχουλα, με τίποτα. Αυτό είπα
Πάνος	  Α παράτα μας ρε
Μιχάλης	  Θα’ρθει μια μέρα που η ζωή θα αλλάξει.Εμείς δεν θα υπάρχουμε τότε αλλά δεν πειράζει, αρκεί που θα μας σκεφτούν
Μιχάλης	  Θα θυμηθούν πως ζήσαμε και’μεις κάποτε
Πάνος	  Κέρασέ τον να σταματήσει
Μιχάλης	  Θα ανοίξουμε το μαγαζί στις γυναίκες.Άμα κονομάνε αυτές δε θα μας δίνουνε σημασία και εμείς θα ζήσουμε μια ζωή που δεν τη φανταζόμαστε
Μιχάλης	  Μου λένε προχθές “Σας πίνει το αίμα ο Ψωμιάδης” και λέει η Ελένη “Και τα παιδιά σας δεν έχουν δεύτερο πουκάμισο”
Πάνος	  Τι είπε η Ελένη;
Μιχάλης	  Αυτή Πάνο παρασέρνει τις δικές μας
Πάνος	  Δεν της έλεγες, εσένα ο Αντώνης σου τα φέρνει από δέκα μεριές δε λες και ένα ευχαριστώ
Μιχάλης	  Το’πα Πάνο και μου απαντάει “Αν ο Αντώνης είχε μυαλό δεν θα έτρεχε για το κόμμα, θα’ταν τώρα υπουργός σαν το Τζουμάκα”
Πάνος	  Δεν πάει στην Ιταλία και ντύνεται;
Μιχάλης	  Ολόκληρη Θεσσαλονίκη δεν έχει ρούχα;
Πάνος	  Και ο μαλάκας της τ’ακουμπάει.Κανονικά αυτόν τον άνθρωπο πρέπει να τον κηρύξουν Άγιο
Μιχάλης	  Πάνο επειδή σταμάτησε το μυαλό μου, μην τυχόν θυμάσαι πόσο κάνει έξι έξι;
Πάνος	  Τριάνταέξι
Μιχάλης	  Επτά επτά;
Πάνος	  Πενήνταεννια
Αντώνης	  Υπάρχει εδώ αναψυκτήριο;
Κα.Σουλτάνα	 Υπάρχει κύριε αλλά δεν άνοιξε ακόμη, όπως βλέπεται κι’εσείς ξημερώνει και εμείς είμαστε μόνες
Κα.Σουλτάνα	 Μήπως θέλετε και λίγη μουσική;
Αντώνης	  Έχετε την Κάρμινα Μπουράνα;
Κα.Σουλτάνα	 Έχουμε την Άντζελα την Καιτούλα Γαρμπή
Αντώνης	  Όχι!!!
Κα.Σουλτάνα	 Μάλιστα
Κα.Σουλτάνα	 Εμείς ήρθαμε πρωί διότι ο κύριος Πάνος μόλις ξυπνήσει θέλει αμέσως μουσική
Αντώνης	  Αααα και τι μουσική θέλει ο κύριος Πάνος;
Κα.Σουλτάνα	" Προτιμά κύριο Μελλά, κύριο Σφακιανάκη και κύριο Καρρά
Διότι του συνέβη κάτι που επέδρασε στην ψυχή του"
Αντώνης	  Τι επέδρασε στην ψυχή του;
Κα.Σουλτάνα	 Λένε ότι ίσως ο άτυχος έρωτάς του για μια μικρή κυρία, αυτή η μικρή κυρία παρουσιάζεται μπροστά του και τον οδηγεί στην καταστροφή
Αντώνης	  Στην καταστροφή;
Κα.Σουλτάνα	 Για να σωθεί πρέπει να την πνίξει μέσα στη λίμνη
Αντώνης	  Τη μικρή κυρία;
Κα.Σουλτάνα	 Μάλιστα και αν δεν μπορεί να πνίξει αυτή να πνίξει μία άλλη κυρία
Κα.Σουλτάνα	 Οι κυρίες όμως εδώ δεν φοβόμαστε, έτσι Αρχοντούλα; Διότι…..
Αντώνης	  Διότι
Κα.Σουλτάνα	 Διότι ο κύριος Πάνος θα πνίξει τη μητέρα του μπατζανάκη του
Κα.Αρχοντούλα	  Χιχιχιχιχιχι
Πάνος	  Τα’ χω με τον εαυτό μου!!!!!
Κα.Σουλτάνα	 Ξύπνησε !! Ξύπνησε!!!
Πάνος	  Τα’χω με τον εαυτό μου , που ακόμα σ’αγαπώ ,σα σκουπίδι αυτού του δρόμου,το δικό μου το εγώ
Μιχάλης	   Αντώνη έχεις έρθει ώρα; Γιατί δεν μας ξύπναγες Αντώνη;
Αντώνης	  Ώστε έτσι κύριε Πάνο θα πνίξεις τη μάνα μου στη λίμνη
Πάνος	  Τι λέει;
Αντώνης	  Γιατί δεν πέφτεις εσύ να πνιγείς;
Πάνος	  Α παράτα μας ρε βλάχο, αγροκαλλιεργητή
Αντώνης	  Να κάνεις και ένα καλό στην ανθρωπότητα
Πάνος	  Λέρες της Πελοποννήσου, σας μαζέψαμε εδώ χάμω και τρώτε το ψωμί του κοσμάκη
Μιχάλης	  Αντώνη ο Πάνος δεν έχει ιδέα για πνιγμούς αυτά είναι λόγια του κυρίου καθηγητή
Αντώνης	  Ποιος είναι ο κύριος καθηγητής;
Μιχάλης	  Διδάκτωρ Πανεπιστημίου Ουάσινγκτον
Αντώνης	  Αυτοί τρελαίνουν μητροπολίτη μαντάμ, εγώ θα γλιτώσω;
Αντώνης	  Μπορείτε να μου πείτε ξεκάθαρα τι έχει συμβεί
Μιχάλης	  Κοίτα Αντώνη εμείς προσπεράσαμε κανονικά, αλλά αυτός εν τω μεταξύ έχει σταματήσει.
Μιχάλης	  Κατεβαίνουνε λέει εδώ έγινε το ιστορικό συνέδριο της Βόλβης, του λέω εγώ θα σας γελάσω
Αντώνης	  Αυτός ο τύπος δεν έχει ιδέα από ιστορία, δεν έγινε εδώ το συνέδριο
Πάνος	  Ποιος το λέει αυτό εσύ;
Μιχάλης	  Πάνο στο κόμμα ρωτάνε τον Αντώνη για θέματα ιστορικά
Μιχάλης	  Θυμάσαι τι είπε ο Καστανίδης “Ο Αντώνης είναι ο Παπαρρηγόπουλος του ΠΑΣΟΚ”
Αντώνης	  Το 1979 στην Κασσάνδρα Χαλκιδικής έγινε το 2ο συνέδριο της Νέας Δημοκρατίας
Πάνος	  Χεστήκαμε
Αντώνης	  Το μεσημέρι της 5ης Μαρτίου οι νεολαίοι του κόμματος έφαγαν εδώ ψάρια
Αντώνης	  Μετά το γεύμα ο νεολαίος τότε Βαγγέλης Μεϊμαράκης  τους διάβασε προκήρυξη
Αντώνης	  Η Νέα Δημοκρατία, έλεγε η προκήρυξη, πρέπει να μετατραπεί από κόμμα αρχηγικό σε κόμμα αρχών
Αντώνης	  Αυτή η κίνηση η επονομαζόμενη “Κίνηση της Βόλβης” έμελλε να παίξει καταλυτικό ρόλο στις εξελίξεις
Πάνος	  Δε μου λες αυτοί στην Κασσάνδρα δε μένανε;
Αντώνης	  Στην Κασσάνδρα
Πάνος	  Γιατί φάγανε εδώ και ανακατέψανε τη Βόλβη;
Αντώνης	  Αυτό δεν έχει διευκρινιστεί
Μιχάλης	  Αντώνη έπρεπε να ζητήσετε εξηγήσεις
Πάνος	  Ποιος να ζητήσει εξηγήσεις ρε, αυτοί είναι ίδιοι
Αντώνης	  ΠΑΣΟΚ με Νέα Δημοκρατία;
Πάνος	  Απ΄το ίδιο βαρέλι
Αντώνης	  Ντρέπομαι για λογαριασμό σου
Πάνος	  Στην Κασσάνδρα κατουράτε, στη Βόλβη την πετάτε
Αντώνης	  Όταν κάνουμε σοβαρή συζήτηση μπαίνεις και τη χέζεις
Πάνος	  Εγώ τη χέζω;
Αντώνης	  Εσύ και ειρωνεύεσαι το Μιχάλη που’χει θυσιαστεί για σένα χίλιες φορές
Πάνος	  Μπορείς να μας αναφέρεις μία ως παράδειγμα;
Αντώνης	  Όταν είδανε το βίντεο στην αστυνομία και ψάχναν να σε συλλάβουνε, δεν παρουσιάστηκε ο Μιχάλης και είπε “εγώ το έκανα”;
Αντώνης	  Και του λένε μας κοροϊδεύεις; Δε βλέπεις ότι τραβάς το μπατζανάκη σου μην πνίξει το διαιτητή;
Αντώνης	  Και λέει, “Ναι, τον τραβάω και αναγκάζεται και πιάνεται από το λαιμό του”
Πάνος	  Ρε ο διαιτητής τα’ χε αρπάξει;
Αντώνης	  Σας έδωσε δυο πέναλτι;Άμα τρώτε τρία γκολ ο διαιτητής φταίει;
Πάνος	  Ήταν ανατροπή στο 90’;
Αντώνης	  Τρία μέτρα έξω απτη μεγάλη περιοχή;
Πάνος	  Ρε θα μας τρελάνεις;
Πάνος	  Του βάζει τάκλιν ο Μανωλάς πετάγεται ο Σκαρτάδος, διασχίζει τρία μέτρα στον αέρα και σκάει μες στην περιοχή;
Αντώνης	  Πουλί ήτανε!!!!!
Πάνος	  Και μένει το παιδί πεθαμένο στη λάσπη και πάει αυτός και του δείχνει κάρτα ότι δήθεν παίζει θέατρο;
Πάνος	  Και ζει ακόμα; !!!!!
Πάνος	  Ήρθαν οι αγροκαλλιεργητές από τη Λακωνία να μας πούνε τι είναι πέναλτι
Κα.Σουλτάνα	 Ήτανε πέναλτι κύριε Πάνο;
Πάνος	  Ο ορισμός του πέναλτι κυρία μου
Πάνος	  Αλλά η Θεσσαλονίκη πρέπει να ανοίξει τελωνείο
Πάνος	"  Τι γράφει το διαβατήριο σου κύριε, Λακωνία;
Δε μπαίνεις!!!!! Δε Μπαίνεις!!!!!!!!!"
Πάνος	  Δε Μπαίνεις !!!!!!!!!!!!!!!!
Μιχάλης	  Φοβάμαι Αντώνη από τότε που είπανε ότι η Μυρτώ πρέπει να νοσηλευτεί σε ψυχιατρείο, κάθεται στο μαγαζί πολλές ώρες ακίνητος
Αντώνης	  Τι ακριβώς συνέβη με το κορίτσι;
Μιχάλης	  Εμείς προσπεράσαμε κανονικά και βγαίνει από τη Mercedes.Φωνάζει ο Πάνος σταμάτα
Μιχάλης	  Ακόμα και’γω που δεν έπαθα τίποτα λυγίσανε τα πόδια μου
Αντώνης	  Τόσο όμορφη ήτανε;
Μιχάλης	  Όμορφη; Εγώ σου λέω ότι μπορεί να μην ήταν και πραγματική
Αντώνης	  Και τι να ήτανε;
Μιχάλης	  Ξέρω γω;
Αντώνης	  Θεέ μου
Μιχάλης	  Πάνο, άστον να χαρεί τον κακόμοιρο, βασανισμένο είναι κι’αυτό
Πάνος	  Ρε, καταλαβαίνεις τι λες; Άμα χαρεί το βασανισμένο εμείς θα ταΐζουμε άλλα 5 στόματα
Μιχάλης	  Δε φαίνεται να είναι σοβαρό
Πάνος	  Δεν είναι σοβαρό;
Πάνος	  Εδώ είδαμε και πάθαμε εμείς να σωθούμε από γυναίκα και θα γλιτώσει ο βλάχος;
Μιχάλης	  Κι’ αν δεν έχουν περάσει γυναίκες απ’ τα χέρια σου Πάνο!
Πάνος	  Λοιπόν;
Μιχάλης	  Να προλάβουμε Πάνο
Πάνος	  Αυτός έχει παιδί και στη Γερμανία και στη Σουηδία, άμα πλησιάσει γυναίκα τη στέλνει στην κλινική
Μιχάλης	  Εννοείς ότι κινδυνεύει και η Κλυταιμνήστρα;
Πάνος	  Αυτή;
Πάνος	  Αυτή θα πιάσει με το ακούμπημα
Πάνος	  Αντώνη, μπορούμε να σε απασχολήσουμε ένα λεπτό;
Κλυταιμνήστρα	   Αντώνη!!!! OYOY!!!
Αντώνης	   OYOY!!!!
Πάνος	   ουου
Μιχάλης	   ουου
Αντώνης	   Λοιπόν;
Πάνος	   Λοιπόν, όπως μας είπες το πρωί αν καταλάβαμε καλά
Πάνος	   λες να φύγουμε εμείς να πάμε να φροντίσουμε λίγο τους γέρους, να κάνουμε παρέα και στη μανούλα σου
Αντώνης	   Ναι
Πάνος	   Κι΄εσύ αύριο το πολύ μεθαύριο παίρνεις το καράβι και έρχεσαι
Αντώνης	   Ακριβώς
Πάνος	   Επιτρέπεται να κάνω μία ερώτηση;
Αντώνης	   Ευχαρίστως
Πάνος	   Είναι σοβαρό ας πούμε αυτό που συμβαίνει;
Αντώνης	   Μια φιλική σχέση είναι Πάνο, μια καλοκαιρινή παρέα
Πάνος	   Μπράβο , δηλαδή άμα τη δεις χειμώνα στην Τσιμισκή εσύ θα στρίψεις στην Κομνηνών
Αντώνης	   Όχι, θα πω μια καλημέρα, τα νέα μας και λοιπά
Πάνος	   Μπορεί να πιείτε και ένα καφέ;
Αντώνης	   Γιατί όχι , φίλοι είμαστε
Μιχάλης	   Κοίτα Αντώνη ο Πάνος εννοεί αν πέρα από μια φιλία υπάρχει και ένα αίσθημα
Αντώνης	   Αίσθημα υπάρχει.
Αντώνης	   Ο άνθρωπος έχει αισθήματα αυτό τον ξεχωρίζει απ΄το φυτικό και το ζωικό βασίλειο
Πάνος	   Μπράααβο, να το πούμε τότε πιο καθαρά
Πάνος	   Είσαι καψούρης;Ή πηγαίνεις μπαμ ένα δύο ‘κει χάμω και φύγαμε;
Κλυταιμνήστρα	   Αντώνη ,Πάνο, Μιχάλη !!! ΟΥΟΥ!! ΟΥΟΥ!!
Αντώνης	   Κλυταιμνήστρα!!! ΟΥΟΥ!!!!
Πάνος	   ουου
Μιχάλης	   ουου
Αντώνης	   Τι εννοείς μπαμ ένα δύο ‘κει χάμω και φύγαμε;
Πάνος	   Αυτό δε σας το μάθανε στο ΠΑΣΟΚ;
Μιχάλης	   Πάνο γιατί ανακατεύεις το ΠΑΣΟΚ; Τι δουλεία έχει το ΠΑΣΟΚ με αισθήματα;
Πάνος	   Ρε, τον προορίζουν για υπουργό τον άνθρωπο;
Μιχάλης	   Άμα μπει στη λίστα για βουλευτής βέβαια
Πάνος	   Και δεν του μάθανε δυο πράγματα; Έτσι βόιδι θα κυβερνάει τον κόσμο;
Πάνος	   Λοιπόν;
Αντώνης	   Εγώ φρόντισα τρεις οικογένειες, να πάτε τώρα εσείς σειρά σας
Πάνος	   Ή όλοι μαζί ή κανένας
Αντώνης	   Κανένας
Πάνος	   Κανένας!!
Αντώνης	   Κανένας!!!
Πάνος	   Αγάπη που’γινες φωτιά, τσιγάρο αναμμένο, από την κάφτρα σου ξανά, καίγομαι και πεθαίνω
Μιχάλης	   Αγάπη που’γινες φωτιά, τσιγάρο αναμένο, από την κάφτρα σου ξανά, καίγομαι και πεθαίνω
Πάνος	   Έχουμε σκοινί;
Μιχάλης	   Έχουμε Πάνο αλλά τι το χρειαζόμαστε το σκοινί;
Πάνος	   Να τον δέσουμε το χρειαζόμαστε
Μιχάλης	   Τον Αντώνη;
Πάνος	   Τον πιάνω εγώ με το καλό, έρχεσαι από πίσω εσύ, μόλις πω τη λέξη «η μανούλα σου», θυμήσου τη λέξη «η μανούλα σου»
Πάνος	   Μπαπ, τον διπλώνεις χειροπόδαρα
Μιχάλης	   Τον Αντώνη Πάνο;
Πάνος	   Το Μητροπολίτη ρε, θα περιμένουνε τρεις γυναίκες στο λιμάνι και θα πάμε δύο;
Μιχάλης	   Δεν είναι καλό αυτό
Πάνος	   Λοιπόν; Όταν σε ρωτήσει η γυναίκα του τι τον κάνατε τον άντρα μου τι θα της απαντήσεις; Ότι τον άφησες στο αίσθημα;
Πάνος	   Καταλαβαίνεις τι δημιουργείς;
Μιχάλης	   Εγώ τα δημιουργώ;
Πάνος	   Ποιος τα δημιουργεί;
Πάνος	   Μην το σηκώνεις
Μιχάλης	   Μπορεί να είναι ο Αντώνης μετανιωμένος Πάνο
Μιχάλης	   Ελένη εμείς ξεκινάμε σε 10 λεπτά, τι δυο μέρες λείπουμε Ελένη;
Μιχάλης	   Αυτοί εδώ είπαν ότι κάνανε συνέδριο και κορόιδεψαν τον κοσμάκη.Δεν έγινε συνέδριο αλλά ο Αντώνης τους απέκρουσε και θα γίνει πολιτικό ζήτημα
Πάνος	   Ξεφτίλα γκόμενε
Μιχάλης	   Πάνο, η Ελένη ρωτάει αν θέλουμε το μοσχαράκι κοκκινιστό ή με πατάτες στο φούρνο
Πάνος	   Κοκκινιστό
Μιχάλης	   Κοκκινιστό με τηγανιτές πατάτες αλλά τηγανίστε πολλές.
Μιχάλης	   Θέλει ο Αντώνης πολλές πατάτες Ελένη αφού ξέρεις ότι τρώει μόνο πατάτες και το αφήνει το κρέας
Πάνος	   Καλααά, θα σε δέσω εγώ και θα σε παραδώσω σαν τον Αθανάσιο Διάκο , σαβούρη
Μιχάλης	   Τι βλέπεις;
Πάνος	   Αυτή δε θέλει και αυτός την πιέζει
Μιχάλης	   Μέσα στον κόσμο;
Πάνος	   Τι μέσα στον κόσμο;
Μιχάλης	   Την πιέζει μέσα στον κόσμο
Πάνος	   Εγώ αυτό είπα;
Μιχάλης	   Αυτή δεν θέλει και αυτό την πιέζει, αυτό είπες
Πάνος	   Αυτή δεν θέλει να φάει μπανάνα και αυτός την πιέζει να φάει μπανάνα, αυτό είπα
Πάνος	   Αυτή θα του μασήσει μια πεντακοσάρα
Μιχάλης	   Σήμερα η γυναίκα κοστίζει Πάνο
Μιχάλης	   Και σε ένα μπαρ να την πας θες ένα δεκαπεντάρι
Πάνος	   Δεκαπεντάρι για ένα ποτό;
Μιχάλης	   Ε άμα πιει ένα εντάξει
Μιχάλης	   Αλλά ο Βαγγέλης ήπιε αυτή τρία σφηνάκια πήγαινε για τέταρτο λέει “Kάνε μας το λογαριασμό μέχρι εδώ” του λένε 8 χιλιάδες.
Μιχάλης	   Πληρώνει και λέει “Πάω για τσιγάρα”
Μιχάλης	   Αυτή συνεχίζει να πίνει, το πρωί δεν έχει να πληρώσει την πλακώνουνε της  λένε “Που είναι αυτός που ήταν μαζί σου;”
Μιχάλης	   Λέει η κοπέλα “Δεν ξέρω σήμερα τον γνώρισα” Και γλίτωσε ο Βαγγέλης 30000
Πάνος	   Τώρα γιατί μας την είπες αυτή την ιστορία;
Μιχάλης	   Διότι Πάνο σκέφτηκα πως όταν αρρώστησε ο Βαγγέλης 20 μέρες 15 χιλιαδ…
Κλυταιμνήστρα	   Πάνο, Μιχάλη !!! ΟΥΟΥ!! ΟΥΟΥ!!!
Μιχάλης	   Κλυταιμνήστρα, Αντώνη ΟυΟυ!!! ΟυΟΥ!!!
Πάνος	   Πίσω τους!! Πίσω τους!!!
Μιχάλης	   Εμείς για τελευταία φορά τους είδαμε στην ¨Ολυμπιάδα, στην Αρναία μάθαμε πως ήπιαν καφέ, άρα στο Άγιον Όρος δεν πήγανε
Πάνος	   Φχαριστώ πάρα πολύ
Μιχάλης	   Φεύγει το ένα πόδι, τώρα διαλέγεις εσύ
Πάνος	   Εσύ διάλεξες;
Μιχάλης	   Απ’ τα τρία πόδια διάλεξα δύο
Πάνος	   Αρναία, Ορμύλια, ΝΙκήτη, Μαρμαράς
Μιχάλης	   ΙΙΙΙ!!! Πόρτο Καρράς;
Πάνος	   Σαβούρη, νόμιζες θα μου ξεφύγεις;
Πάνος	   Jack Daniels το ένα διπλό
Πάνος	   Κορόιδο, δε βλέπεις τη ζωή; Γίνε υπουργός να τους τα πάρεις να φτιαχτούμε κι΄εμείς
Πάνος	   Λέμε θα τους την κάνεις, θα ζήσουμε άλλη ζωή και εσύ κυνηγάς το αίσθημα
Πάνος	   Μαλάκα…..
Μιχάλης	   Πάνο, μιλάς σε κάποιον;
Πάνος	   Θα τους τα πάρω εγώ ρε, μόνος μου θα τους τα πάρω
Μιχάλης	   Θα δουλέψουμε έχουμε παραγγελίες
Μιχάλης	   Λέει προχθές ο κύριος Ψωμιάδης “Όρεξη να΄χετε για δουλειά και σε 10 χρόνια θα μιλάτε αλλιώς”
Πάνος	   Θα τους κάνω εγώ να απλώσουνε μαύρες πλερέζες
Μιχάλης	   Εμείς δεν θέλουμε το κακό κανενός
Πάνος	   Όλα στο 36 κόκκινο!
Πάνος	   Φτάσαμε μέχρι την πόρτα και δεν θα μπούμε;
Μιχάλης	   Δεν έχουμε λεφτά Πάνο αν δε μας κάνει το δάνειο ο Αντώνης κινδυνεύουμε
Μιχάλης	   Τον άλλο μήνα έχουμε να πληρώσουμε δύο ενοίκια, το ΤΕΒΕ, τον ΟΤΕ, τη ΔΕΗ,απόδοση ΦΠΑ,
Μιχάλης	   Πρέπει να πάρουμε μέταλλο, τα παιδιά να ντυθούν, οι γυναίκες έχουν ανάγκες για το σπίτι
Πάνος	   ..Ο άνθρωπος…..
Πάνος	   Ρε! Γιατί μου τα θυμίζεις ρε, με ρώτησες εμένα τι μου συνέβη;
Μιχάλης	   Τι σου συνέβη;
Πάνος	   Όταν ερχόμασταν λέω Παναγιώτη αν δεις μηχανάκι και απάνω σκυλί αυτό είναι το σημάδι, θα τους τα πάρεις.Το’ δαμε ή δεν το’δαμε το σημάδι;
Μιχάλης	   Δεν είδα εγώ σημάδι Πάνο είδα ένα μηχανάκι και το κυνήγαγαν τέσσερα σκυλιά
Πάνος	   Μηχανάκι και σκυλί αυτό δε λέμε; Τέσσερα σκυλιά ακόμα καλύτερα
Μιχάλης	   Το 36 κόκκινο όμως δεν έχουμε σημάδι
Πάνος	   Τι καιρό έκανε τη νύχτα παραμονή Αγίου Αντωνίου που βάλαμε καμίνι;
Μιχάλης	   Έριχνε χιόνι και φύσαγε
Πάνος	   Άνοιξε η πόρτα και φώναξες ποιος είναι;
Μιχάλης	   Φώναξα Πάνο διότι φοβήθηκα, η πόρτα ήτανε κλειδωμένη από μάσα πως άνοιξε;
Πάνος	   Παρουσιάστηκε μια γυναίκα;
Μιχάλης	   Ψηλή αδύνατη και παρήγγειλε 36 κηροπήγια
Πάνος	   Υπόγραψε επιταγή Τζόαν Πάπος Νεβάδα;
Μιχάλης	   Την εισπράξαμε
Πάνος	   Τα κηροπήγια ήρθε να τα πάρει;
Μιχάλης	   Δεν ήρθε και αναγκαστήκαμε να τα πουλήσουμε
Πάνος	   Είπαν ότι εκείνη τη νύχτα πολλοί άνθρωποι είδαν την Παναγία και ένας κουτσός θεραπεύτηκε;
Μιχάλης	   Και μια γυναίκα στην Καλαμαριά ιάθηκε
Πάνος	   Λοιπόν;
Πάνος	   Ρε, γιατί τα βάζεις όλα στο μαύρο και με γκαντεμιάζεις;
Μιχάλης	   Για να’ χουμε και δεύτερη πόρτα Πάνο
Μιχάλης	   Ριπετεσιόν
Πάνος	   Κοίτα ο σαβούρης, στο 36 κόκκινο, εδώ εμείς και…..
Πάνος	   Όχι ρε πούστη μου! Θα ψηφίσω ΠΑΣΟΚ.
Μιχάλης	   Διότι και να στα πω Πάνο δεν θα τα πιστέψεις. Έξι φορές ριπετισιον το 36, σα να τα είχε μαγεμένα
Μιχάλης	   Μου λέει ο γκρουπιέρης “Συγγενής σας είναι o κύριος;”
Μιχάλης	   Του λέω “Ο μπατζανάκης μας Αντώνης” Και μου λέει “Τέτοιος παίχτης είχε χρόνια να περάσει από ‘δω”
Πάνος	   Ξέρεις γιατί σου το είπε; Γιατί τους φλόμωσε στο μπουρμπουάρ
Μιχάλης	   Όχι Πάνο ο μπουρμπουάρ το ανέλαβα εγώ, έκανα πως τους πέταγα τη μάρκα φωνάζαν αυτοί “Thank you” και εγώ την έχωνα στην τσέπη
Μιχάλης	   Εμείς είμαστε κατεστραμμένοι .Σ ’αυτούς θα δώσουμε;
Πάνος	   Σφίχτη βλάχο γερά, αλλά κοίτα μη σου πρηστούνε και σε τρέχουμε
Μιχάλης	   Πάνο άστα να χαρούνε τα κακόμοιρα, ο Αντώνης μας ξελάσπωσε
Μιχάλης	   Και η Κλυταιμνήστρα μπορεί να είναι η γυναίκα που ονειρεύεται ο άντρας να παρουσιαστεί κάποτε στη ζωή του
Πάνος	   Πληρωμένος είσαι έτσι; Σου τα’ χωσε να με παραμυθιάσεις
Πάνος	   Δε με λες; Ο βλάχος το τυρί το είδε τη φάκα την είδε;
Μιχάλης	   Πως το εννοείς Πάνο;
Πάνος	   Του τα δώσανε σήμερα για να του πάρουνε αύριο και τα δικά του αυτό εννοώ
Πάνος	   Και η μικρή μόλις τον στείλουνε πανί.. την έκανε
Μιχάλης	   Δε θα φας τα αβγουλάκια σου;
Πάνος	   Σαβούρη γκόμενε
Πάνος	   Σας μαζέψαμε εδώ χαμουτζήδες και τρώτε το ψωμί του κοσμάκη
Μιχάλης	   Σκέφτομαι Πάνο μήπως παρουσιαστεί καμιά μέρα και αυτή η κυρία Τζόαν Πάππος και ζητήσει τα κηροπήγια
Πάνος	   Τι σου είπε που τον ξύπνησες;
Μιχάλης	   Μου λέει κατεβαίνω σε μισή ώρα
Μιχάλης	   Φεύγω φωνάζουνε “Ο Κύριος Αρμπούζογλου!” Πάω πάλι στο τηλέφωνο μου λέει “πρωινό πήρατε;” Του λέω “Που να πάρουμε Αντώνη;”
Μιχάλης	   Μου λέει πάρτε σε χρέωση 331
Πάνος	   Από τέτοια ξέρει ο βλάχος
Μιχάλης	   Πάντως μας σκέφτηκε Πάνο
Μιχάλης	   Διότι οι άνθρωποι όταν ζουν στην προσωπική τους ευτυχία δεν σκέφτονται τους άλλους
Πάνος	   Δε μου λες, το σύνθημα το θυμάσαι;
Μιχάλης	   Η μανούλα σου
Πάνος	   Τώρα εσύ νομίζεις ότι εμείς θέλουμε το κακό σου,ότι δε θέλουμε να χαρείς κι’ εσύ λίγο, ότι δεν είμαστε εμείς τα μπατζανάκια σου
Πάνος	   Εσύ δε φροντίζεις τους γέρους και την αδερφή μου; Εσύ δεν πληρώνεις τα φροντιστήρια των παιδιών;
Μιχάλης	   Δεν πήγες στην εφορία..
Πάνος	   Δεν πήγες στην εφορία και μας έσωσες;
Πάνος	   Του λες του έφορα:
Πάνος	   “Αν και αυτοί οι δύο άνθρωποι που δουλεύουν από 12 χρονών ,τελος πάντων δεν απέδωσαν και μια φορά το ΦΠΑ είναι ένοχοι...
Πάνος	   ... τότε η μισή Ελλάδα έπρεπε  να είναι φυλακή”
Πάνος	   Και σου λέει αυτός “Εγώ κάνω τη δουλειά μου κύριε”
Πάνος	   Και του λες εσύ “To ΠΑΣΟΚ ήρθε να σας μάθει πως δουλειά σας είναι να σταθείτε δίπλα στο λαό και τα προβλήματά του”
Μιχάλης	   Και πάω εγώ στον έφορα...
Πάνος	   Και πάω εγώ στον έφορα και μου λέει “Τι άνθρωπος είναι ο μπατζανάκης σας, τέτοιοι έπρεπε να μας κυβερνάνε”
Πάνος	   Και  λέω μέσα μου “Α ρε Αντώνη, να ‘ταν εδώ η μανούλα σου να τ΄ακούσει να χαρεί η βασανισμένη γυναίκα
Αντώνης	   Ναι αλλά εσείς  ψηφίζετε Νέα Δημοκρατία
Πάνος	   Το αναγνωρίζουμε
Αντώνης	   Μου λένε στο κόμμα , εσένα ούτε τα μπατζανάκια σου δεν ψηφίζουνε ΠΑΣΟΚ και ονειρεύεσαι για ψηλά;
Πάνος	   Και εσύ δεν έπιανες τα τέτοια σου;
Πάνος	   Πες μου εμένα ποιος σου το΄πε να του ισιώσω τη μάπα να μη μιλάει χωρίς να ξέρει
Μιχάλης	   Μιλάνε χωρίς να ξέρουνε
Πάνος	   Να του πω “Έλα εδώ ρε μαλάκα, με ρώτησες εμένα γιατί ψηφίζω Νέα Δημοκρατία;”
Πάνος	   Αν σου έλεγε ο Ψωμιάδης “Κόφτε τα λόγια και ψηφίστε τον εγγονό  μου γιατί από ‘μένα τρώτε ψωμί, όχι απ’ το ΠΑΣΟΚ” τι θα έκανες;
Πάνος	   Που αν σ’αφηνε θα’ βαζες λουκέτο και δύο οικογένειες θα μένανε στο δρόμο
Μιχάλης	   Πάνο μη στεναχωριέσαι θα ανέβει πάλι η πίεση σου
Πάνος	   Να ανέβει ρε! Να φτάσει 24 να πέσω μπροστά στα πόδια του να πεθάνω
Μιχάλης	   Κοίτα πως μας κάνουνε και μας διαιρούνε
Πάνος	   Και έρχεται ο Ψωμιάδης παραμονές εκλογών και φέρνει κάτι τουλουμπίτσες και οκτώ ψηφοδέλτια κλειστά
Πάνος	"   Και μετράω εγώ και του λέω:
Κυρ Βασίλη, εγώ, η γυναίκα μου,ο πατέρας μου και η αδερφή μου τέσσερις"
Πάνος	   Ο Μιχάλης, η γυναίκα του κι’ η μάνα του σύνολο εφτά τι μου δίνεις εδώ οκτώ;
Πάνος	   Και μου λέει “Είναι και η μάνα του μπατζανάκη σας Αντώνη”
Αντώνης	   Και ψήφισε η μάνα μου Νέα Δημοκρατία;
Πάνος	   Τι να έκανε Αντώνη;
Πάνος	   Εγώ την πήγα στο τμήμα της έδωσα το ψηφοδέλτιο της λέω “Κυρά Βασιλική ο Αντώνης είπε να το ρίξεις”
Πάνος	   Έκανε το σταυρό της η γυναίκα, το φίλησε, το σταύρωσε τρεις φορές με το χέρι της και το’ ριξε.
Κλυταιμνήστρα	   Αντώνη!!! ΟΥΟΥ!!
Πάνος	   ΟΥΟΥ!!!!
Μιχάλης	"   Κλυταιμνήστρα !!ΟΥΟΥ
Αντώνη η Κλυταιμνήστρα"
Πάνος	   Κλυταιμνήστρα!!! ΟΥΟΥ!!!
Αντώνης	   Πατέρα.....
Μιχάλης	   Βοήθεια!!Βοήθεια Κλυταιμνήστρα !!!
Πάνος	   Κλυταιμνήστρα !!! Βοήθειααα!!!!
Μιχάλης	   Αλίμονο
Κα.Σουλτάνα	  Ήρθαμε κύριε Μιχάλη διότι μας τηλεφώνησε η δεσποινίς Κλυταιμνήστρα και μάθαμε που βρίσκεστε
Μιχάλης	   Αφήνουν δύο οικογένειες στο δρόμο
Κα.Σουλτάνα	  Μισθώσαμε ταξί για να μη σας λείψει η διασκέδαση
Πάνος	   Βοηθάτε, το σακάκι βγάλτε το σακάκι
Πάνος	   Μιχάλη!!, Μιχάλη σιγούρεψε το σακάκι κάπου
Πάνος	   Γιατί μας το’ κανες αυτό ρε Αντώνη;
Κα.Σουλτάνα	  Τόσο καλοί άνθρωποι με τόσο μεγάλο δράμα
Αντώνης	   Αυτό που έρχεται σαν εξέλιξη στις εργασιακές σχέσεις , ίσως είναι κάτι άγνωστο πέρα από την κατανόησή μας
Πάνος	   Μιχάλη!!!
Αντώνης	   Τα παιδιά που θα γεννηθούν θα μεγαλώσουν σε μια άλλη πραγματικότητα, που ίσως εμείς δε θα μάθουμε ποτέ
Πάνος	   Μιχάλη!!!!
Μιχάλης	   Έχω δουλειά Πάνο
Αντώνης	   Σ’ αυτή την κρίσιμη ώρα το ΠΑΣΟΚ είναι το μόνο κόμμα ικανό να σταθεί δίπλα στο λαό και να τον οδηγήσει στη μετάβαση στον καινούριο κόσμο
Αντώνης	   Χωρίς αναγκαστικά να τον βυθίσει στην απόγνωση και στο περιθώριο
Πάνος	   Είδες, αυτά τα ωραία πράγματα εμείς δεν τα’χουμε ξανακούσει , ποιος να μας τα πει;
Αντώνης	   Η δεξιά δεν αγωνίζεται στο χώρο των ιδεών. Προσκολημένη στην παλιά νοοτροπία προτιμάει να εξαγοράζει τις ψυχές των ανθρώπων
Πάνος	   Αυτά κάνει, ενώ εμείς μας λες στις εκλογές να βοηθήσετε τον αγώνα
Πάνος	   Πάμε λέμε που θες να διορίσουμε το παιδί σου;Άλλος να πάρει ένα δάνειο, να βολευτεί ο κόσμος
Κα.Σουλτάνα	  Μπράβο σας κύριε Πάνο!!!!!
Πάνος	"   Και θυμάσαι στη Σταυρούπολη; Μας τηλεφωνάς
 “Ελάτε να σηκώσετε το Βενιζέλο και να τον πάτε στην εξέδρα”"
Πάνος	   Και μόλις κατέβηκε απ΄τη Mercedes τον σηκώσαμε εγώ και ο Μιχάλης και από τότε μου’ μεινε αυτός ο πόνος στη μέση
Αντώνης	   Προσφέρατε πολλά, αλλά πως να πω στον πατέρα μου πως η μάνα ψήφισε Νέα Δημοκρατία;
Πάνος	   Ο πατέρας σου έχει πεθάνει 25 χρόνια ρε Αντώνη
Αντώνης	   Ήτανε δημοκράτης στην Παπαδίτσα, έπινε μόνος του καφέ στην πλατεία και  γύρναγε σπίτι
Αντώνης	   Η μάνα του έλεγε “Μη στεναχωριέσαι Γιάννη που δε σου λένε μια καλημέρα, εσύ συγχώρεσε τους”
Αντώνης	   Όταν το 1982 ανήμερα τ’ Αη Γιαννιού στη γιορτή του παρουσιάστηκε στον ύπνο μου του είπα:
Αντώνης	   Πατέρα ήρθε η ευλογημένη μέρα, ο λαός πήρε την εξουσία στα χέρια του
Κα.Σουλτάνα	  Κύριε Αντώνη εμείς ψηφίζουμε Νέα Δημοκρατία, τώρα όμως που ακούσαμε την ιστορία του μπαμπά σας θα ψηφίζουμε ΠΑΣΟΚ
Κα.Σουλτάνα	  Ε Αρχοντούλα;
Κα.Αρχοντούλα	  …
Μιχάλης	  Άμα σου λέω Ελένη μια μικρή αδιαθεσία να με πιστεύεις.Ναι ίδια με του Πάνου μόνο πιο ελαφριά.Τώρα μιλάει εδώ στον κόσμο
Μιχάλης	  Μιλάει Ελένη γιατί μπορεί να γίνουν ξαφνικά εκλογές, ξέρεις εσύ τι έχουν αυτοί στο μυαλό τους;
Μιχάλης	  Σε μισή ώρα ξεκινάμε
Μιχάλης	  Αν βάλετε το αρνάκι από τώρα βάλτε το και εν ανάγκη το ζεσταίνουμε στο φούρνο.Ναι Ελένη εντάξει
Μιχάλης	  Λοιπόν Αντώνη, με τον Πάνο θα φροντίσουμε για ένα καλό ψάρι
Αντώνης	   Δεν το θέλω το ψάρι
Μιχάλης	   Τι θέλεις
Αντώνης	   Κοκορέτσι
Μιχάλης	   Κοκορέτσι ρε Αντώνη;
Πάνος	  Και γιατί δεν το λες σε εμένα;
Μιχάλης	  Πάνο, δεν θέλει κοινό κοκορέτσι, θέλει κοκορέτσι Παπαδίτσας
Πάνος	  Ναι ρε  Παπαδίτσας, τι δουλεία κάνουμε εμείς;
Μιχάλης	  2170, 2180, 2190, φτου! 2200, 2210 φτου, 2220, 2230, 2240, 2250 , φτου!
Πάνος	"  Φτάνει. Τελειώνετε ρε, τα θέλω άπλυτα στο διάολο!!
Κωλοαλβανοί, σας μαζέψαμε εδώ και τρώτε το ψωμί του κοσμάκη"
Μιχάλης	  Θα φας το κοκορετσάκι σου τύπου Παπαδίτσας να ανορθωθείς και μόλις νιώσεις καλά ξεκινάμε για τις οικογένειές μας
Πάνος	  Τι του λες ρε, ρώτησες τον άνθρωπο αν μπορεί να ταξιδέψει;
Αντώνης	  Δε μου έμειναν καθόλου χρήματα
Πάνος	  Μουσκέψανε
Μιχάλης	  Προσπαθήσαμε να τα σώσουμε Αντώνη αλλά αυτά έλιωναν στα χέρια
Πάνος	  Θα σου κάνουμε εμείς ένα χοντρό δάνειο και μας τα δίνεις όποτε διευκολυνθείς
Αντώνης	  Αφού τα χάσατε όλα
Μιχάλης	  Τα χάσαμε αλλά κάτι τα μπουρμπουάρ, κάτι από δω κάτι από κει τα ξαναμαζέψαμε
Αντώνης	  Όμως μου χρωστάτε λεφτά
Πάνος	  Θα τα πάρεις
Μιχάλης	  Κοίτα Αντώνη ο Πάνος λέει να μην μπλέξουμε τα δάνεια
Μιχάλης	  Θα σου χρωστάμε εμείς, θα μας χρωστάς εσύ και όποιος διευκολύνεται θα δίνει
Κλυταιμνήστρα	   Φεύγεις λοιπόν
Αντώνης	   Πρέπει
Κλυταιμνήστρα	   Πρέπει, πρέπει να μάθω να τα δέχομαι όπως έρχονται όλα
Λουόμενοι Βόλβης	"  Κύριε Πάνο συγχαρητήρια
Σας βεβαιώ πως ποτέ δεν έχω φάει τόσο νόστιμο κοκορέτσι"
Πάνος	  Εις υγείαν του ΠΑΟΚ
Λουόμενοι Βόλβης	  ΠΑΟΚ!ΠΑΟΚ!  ΠΑΟΚ !ΠΑΟΚ!!!!!
Μιχάλης	  Και αν δεν έχουν περάσει γυναίκες απ’τα χέρια σου
Πάνος	  Σαβούρη γκόμενε, νομίζεις πως δεν σ'αγαπάμε ε;
Πάνος	  Αλλά είσαι και ο πιο εντάξει,Αν δεν τα μάθαινες παππαγαλία θα’ χες φτιαχτεί και κοντά σε σένα θα φτιαχνόμασταν κι ‘εμείς
Πάνος	  Και η μικρή εντάξει είναι, ‘Α Εθνική Πάοκ. Αλλά θα αφήσεις 4 παιδιά
Μιχάλης	  Και την Ελένη και τη μαμά του Πάνο
Αντώνης	  Είναι κορίτσι με περιεχόμενο
Πάνος	  Τι περιεχόμενο;
Αντώνης	  Μπορώ να επικοινωνώ μαζί της Πάνο
Πάνος	  Αυτό είναι η γυναίκα;
Αντώνης	  Όχι,
Αντώνης	  Αλλά η γυναίκα είναι ικανή να αγαπήσει και να προσφερθεί και η σχέση της με τον άντρα καθορίζει τη μοίρα της που πολλές φορές είναι ανελέητη
Πάνος	  Άρχισες πάλι τα πασοκικά να μην καταλαβαίνουμε τι μας λες
Μιχάλης	  Θα ζήσουμε ζωή που δεν τη φανταζόμαστε
Πάνος	  Α παράτα μας ρε
Αντώνης	  Γιατί θα ζήσουμε;
Μιχάλης	  Διότι Αντώνη μόλις πάρεις την άδεια ΠΡΟΠΟ από τη Χαριλάου Τρικούπη και τους ανοίξουμε το μαγαζί
Μιχάλης	  Οι γυναίκες μας θα κονομάνε και δεν θα ενδιαφέρονται για μας
Αντώνης	  Και είναι καλό αυτό;
Μιχάλης	  Δεν είναι καλό;
Πάνος	  Αυτές θα καθαρίζουνε μια κατοστάρα την ημέρα
Αντώνης	  Καθαρό κέρδος;
Πάνος	  Καθαρότατο
Αντώνης	  Θα χωρίσουμε δηλαδή;
Πάνος	  Θα έχουμε την επιμέλεια των παιδιών
Μιχάλης	  Δεν μπορούνε να μας απαγορεύσουν να βλέπουμε τα παιδιά μας Αντώνη
Αντώνης	"  Όταν ξύπνησα τα πρωί ανήμερα Χριστούγεννα η Ελένη καθότανε στο παράθυρο.
Της είπα καλημέρα και δε μου μίλησε, έκλαιγε"
Μιχάλης	  Έκλαιγε;
Αντώνης	  Ναι, έκλαιγε με παράπονο. Ύστερα έφυγε στο σαλόνι
Αντώνης	  Σηκώθηκα και πήγα μέσα, είχε ανοίξει το συρτάρι και κοίταζε τη φωτογραφία του παιδιού
Μιχάλης	  Ποια φωτογραφία;
Αντώνης	  Εκείνου του παιδιού που πνίγηκε
Μιχάλης	  Αυτό Αντώνη πάει 15 χρόνια η Ελένη ήταν ακόμα κοριτσάκι
Αντώνης	  Ναι και μου λέει αν δεν το είχε πάρει ο ωκεανός θα ζούσα μαζί του ευτυχισμένη
Πάνος	  Και εμένα τα ίδια με έκανε, μ ’αρχίζει πρωί πρωί “Τα λεφτά δεν φτάνουνε”, “Σας εκμεταλλεύεται ο παλιόγερος και τα τρώει με την τσούλα”
Πάνος	  Και την πλακώνω χρονιάρα μέρα στις γρήγορες και φτιάχνω ένα καφέ και πάω μέσα και μίλαγε με τη δικιά σου στο τηλέφωνο
Μιχάλης	  Εμένα αυτά τα Χριστούγεννα δε θυμάμαι να με έκανε τίποτα
Πάνος	  Και με παίρνει προχθές και με έκανε γλύκες στο τηλέφωνο
Πάνος	  “Ελάτε Πάνο μου πότε θα ‘ρθήτε, είμαστε ένα μήνα μόνες μας”
Πάνος	"  Μήπως καταλάβατε τίποτα;
Δεν πειράζει
Είναι τώρα αυτές φτιαγμένες;"
Πάνος	  Μόλις πάμε θα μας χτυπήσουν μέχρι κόκκαλο;
Μιχάλης	  Δεν καταλαβαίνουμε Πάνο
Πάνος	  Δεν πειράζει .Θυμάσαι τα μπεκατσόνια που φέρανε η Ματούλα με το γέρο και τους τα ψήσαμε στο λαδόχαρτο;
Μιχάλης	  Τα θυμάμαι
Πάνος	  Τα’ παιρνε η Ματούλα απ’ το καμίνι και τάιζε το γέρο στο στόμα;
Μιχάλης	  Και δε μας έδωσε εμάς ούτε φτερούγα
Πάνος	  Και του λέει “Κούλη μου τα καημενούλια τα μπεκατσόνια ήρθαν από την Αφρική και που να ξέρανε τι τα περιμένει”
Πάνος	  Και έγλυφε και τα κοκαλάκια
Μιχάλης	  Δεν άφησε τίποτα
Πάνος	  Ε..
Πάνος	  Σαν τα μπεκατσόνια θα πάμε
Πάνος	  Άντε ρε! Μεσημεριάσαμε
Μιχάλης	  Πάνο εγώ φόρτωσα τα πράγματα μόνος μου και εγώ φταίω;
Πάνος	  Δεν έχουμε δικαίωμα να μας πονάει και ΄μας μια φορά η μέση μας;
Αντώνης	  Είναι ανάγκη να μαλώνουμε;
Πάνος	  Ξέρω’γω τι λέει ο άνθρωπος;
Μιχάλης	  Κυρία Αρχοντούλα, κυρία Σουλτάνα θα ερχόμαστε να σας βλέπουμε τουλάχιστον μια φορά την εβδομάδα
Μιχάλης	  Ε Πάνο; Ε Αντώνη;
Αντώνης	  Οπωσδήποτε
Κα.Σουλτάνα	 Να μας ξανάρθετε κύριε Αντώνη, να μας ξανάρθετε κύριε Πάνο
Μιχάλης	  Τι έγινε;
Πάνος	  Τι έγινε
Μιχάλης	  Γιατί σταματήσαμε;
Πάνος	  Ο Αντώνης
Αντώνης	  Μιχάλη πρέπει να μείνουμε λίγο να ξεκουραστούμε να κάνουμε κι’ ένα μπάνιο
Πάνος	  Για να μη μας πιάσει η ζέστη μέσα στο καράβι
Αντώνης	  Και το βράδυ..
Πάνος	  Ποιο βράδυ; Πριν πέσει ο ήλιος έχουμε πιάσει Θάσο
Μιχάλης	  Καλό είναι αυτό που λέτε και συμφωνώ , αλλά φοβάμαι λίγο μήπως ανησυχήσουν
Πάνος	  Ποιος να ανησυχήσει;
Μιχάλης	  Οι οικογένειές μας
Πάνος	  Αφού θα πας εσύ και θα τους πεις έρχονται, πώς θα ανησυχήσουν;
Μιχάλης	  Εγώ δηλαδή πάω πρώτος και ερχόσαστε εσείς μετά;
Πάνος	  Ε αυτό δε λέμε;
Μιχάλης	  Ξεφουσκώνω τα λάστιχα εγώ!
Μιχάλης	  Ρίχνω ζάχαρη στο ρεζερβουάρ εγώ!
Μιχάλης	"  Ξεχνάω το τσιγάρο μου αναμμένο και πιάνει φωτιά!!
Εγώ!!!!"
Πάνος	  Τι φωνάζεις ρε!
Πάνος	  Είδες εσύ το χάρο με τα μάτια σου όπως τον είδα εγώ και ο Αντώνης;
Μιχάλης	  Εμείς είμαστε τα κορόιδα!!
Πάνος	  Έπεσες εσύ μέσα στη λίμνη και να κολλάνε οι βδέλλες και να σου αδειάζουν το αίμα;
Μιχάλης	  Εμείς βγήκαμε με τα πόδια δε βγήκαμε με το κεφάλι!!
Πάνος	  Κόλλησες εσύ μέσα στη λάσπη και να’ρχονται οι νεροφίδες να σε κοιτάνε;
Μιχάλης	  Κατουρήσαμε στο πηγάδι εμείς!!!
Αντώνης	  Θα μείνουμε και οι τρεις
Αντώνης	  Θα κάνουμε όμως μόνο ένα μπάνιο
Αντώνης	  Θα φάμε ελαφρά, θα κοιμηθούμε τρεις ώρες
Αντώνης	  Και  μόλις πέσει ο ήλιος και δροσίσει, ξεκινάμε αμέσως για τις οικογένειες μας
